{
  "loss": [
    0.6958524143199126,
    0.491750009705623,
    0.44680899950365227,
    0.4269225131223599,
    0.4048046510418256,
    0.39341377034783365,
    0.38194262608885765,
    0.3683107424279054,
    0.35858265854418275,
    0.3505840608725945,
    0.34483513005077837,
    0.3354474821686745,
    0.331773779814442,
    0.3244260081152121,
    0.3218912955125173,
    0.31620496705174445,
    0.3103446906308333,
    0.30650618692239123,
    0.3041399432718754,
    0.2993527497102817,
    0.2952988736703992,
    0.2915044145534436,
    0.2870720029870669,
    0.284943882462879,
    0.28266316127032043,
    0.280954577041169,
    0.2770652404675881,
    0.27453834646691877,
    0.26849277344842754,
    0.2706014345337947,
    0.2651673223202427,
    0.26418206642071407,
    0.2603909711539745,
    0.25899670566121735,
    0.2546753902733326,
    0.2515145103633404,
    0.25337499843289457,
    0.2495680861795942,
    0.24945652856181066,
    0.24803704955925543,
    0.24443259567022324,
    0.24168297801166772,
    0.2394976479560137,
    0.23803747118761143,
    0.2365249184643229,
    0.237917278992633,
    0.23464098544170459,
    0.2322152350222071,
    0.22746752332895995,
    0.2275975054502487,
    0.22677441015839578,
    0.22406813147167365,
    0.22323676602294049,
    0.2213552360981703,
    0.22264766063541175,
    0.2196643805503845,
    0.21784607970466216,
    0.21839512345691522,
    0.2161178563038508,
    0.21256702076643705,
    0.2093884440511465,
    0.21241813834756612,
    0.21021385742972296,
    0.20740659014632304,
    0.20497745964676142,
    0.2045698692277074,
    0.20389173121502002,
    0.205017710061123,
    0.1993443672483166,
    0.19849357978751261,
    0.19600940483932694,
    0.19835796392212313,
    0.1990284191071987,
    0.194638078417629,
    0.19581579913695654,
    0.19229172655691704,
    0.1924505483234922,
    0.19083950673540434,
    0.19011769344409307,
    0.18787950749198595,
    0.19061948001384735,
    0.1842098011262715,
    0.18381290458142757,
    0.18571696282674868,
    0.18271092653895418,
    0.18395401302725076,
    0.18520715966820717,
    0.18125328256438175,
    0.17930089376245936,
    0.17953172717243432,
    0.1821126291466256,
    0.17575900157292684,
    0.17493238283942142,
    0.1749207460694015,
    0.1736841493099928,
    0.17745648954684537,
    0.17296527228007713,
    0.17368932384376726,
    0.17006900052850446,
    0.17085952607914806
  ],
  "train_acc": [
    0.7641666666666667,
    0.8214333333333333,
    0.8359833333333333,
    0.8443666666666667,
    0.8519833333333333,
    0.8565333333333334,
    0.8594833333333334,
    0.8643666666666666,
    0.86875,
    0.871,
    0.8741,
    0.8760333333333333,
    0.8766166666666667,
    0.8794666666666666,
    0.8796666666666667,
    0.8817666666666667,
    0.88395,
    0.8864166666666666,
    0.8862333333333333,
    0.8889166666666667,
    0.89005,
    0.8906833333333334,
    0.8928666666666667,
    0.8924833333333333,
    0.8949833333333334,
    0.89345,
    0.89625,
    0.89585,
    0.8983833333333333,
    0.8981166666666667,
    0.9004333333333333,
    0.9001,
    0.9022166666666667,
    0.9016333333333333,
    0.9028,
    0.905,
    0.9047333333333333,
    0.9055166666666666,
    0.9049166666666667,
    0.90685,
    0.90775,
    0.9084666666666666,
    0.9087,
    0.91035,
    0.9110666666666667,
    0.9092166666666667,
    0.9113833333333333,
    0.9114166666666667,
    0.9129333333333334,
    0.9135833333333333,
    0.91375,
    0.91375,
    0.9151166666666667,
    0.9158166666666666,
    0.915,
    0.91555,
    0.91685,
    0.9169166666666667,
    0.9164666666666667,
    0.9186666666666666,
    0.9206166666666666,
    0.9195166666666666,
    0.9206,
    0.9210333333333334,
    0.9212166666666667,
    0.9207333333333333,
    0.9211,
    0.922,
    0.9236,
    0.9241,
    0.9249833333333334,
    0.92385,
    0.9251833333333334,
    0.9257,
    0.9251666666666667,
    0.92525,
    0.92605,
    0.9271333333333334,
    0.9262833333333333,
    0.9270833333333334,
    0.9271666666666667,
    0.9286333333333333,
    0.9296,
    0.9281666666666667,
    0.9287166666666666,
    0.9291,
    0.9288333333333333,
    0.9304166666666667,
    0.9319166666666666,
    0.9309166666666666,
    0.9316666666666666,
    0.9329,
    0.9334833333333333,
    0.9324833333333333,
    0.9337,
    0.9322666666666667,
    0.9328166666666666,
    0.93495,
    0.9355333333333333,
    0.9344166666666667
  ],
  "test_acc": [
    0.8005,
    0.8192,
    0.8251,
    0.8275,
    0.8375,
    0.844,
    0.8481,
    0.8467,
    0.8536,
    0.851,
    0.8535,
    0.8551,
    0.8598,
    0.8552,
    0.8594,
    0.8581,
    0.864,
    0.8618,
    0.86,
    0.8628,
    0.8649,
    0.8675,
    0.868,
    0.8662,
    0.8685,
    0.8657,
    0.8674,
    0.8721,
    0.8712,
    0.867,
    0.8733,
    0.8719,
    0.8705,
    0.8686,
    0.8714,
    0.8708,
    0.8716,
    0.8728,
    0.8754,
    0.8722,
    0.8735,
    0.8737,
    0.8786,
    0.8725,
    0.8747,
    0.8723,
    0.8776,
    0.8774,
    0.872,
    0.8786,
    0.8778,
    0.8771,
    0.8751,
    0.8784,
    0.8758,
    0.8794,
    0.8734,
    0.8799,
    0.8796,
    0.8756,
    0.8779,
    0.8746,
    0.8763,
    0.877,
    0.8767,
    0.879,
    0.8807,
    0.8765,
    0.8793,
    0.8732,
    0.8766,
    0.8779,
    0.879,
    0.8795,
    0.8783,
    0.8798,
    0.8802,
    0.8812,
    0.882,
    0.8793,
    0.8779,
    0.8793,
    0.8806,
    0.8832,
    0.8804,
    0.8802,
    0.8806,
    0.8815,
    0.8818,
    0.8789,
    0.8819,
    0.8843,
    0.8787,
    0.8808,
    0.8785,
    0.8782,
    0.8805,
    0.8804,
    0.8794,
    0.881
  ]
}